/*
Post-Deployment Script Template							
--------------------------------------------------------------------------------------
 This file contains SQL statements that will be appended to the build script.		
 Use SQLCMD syntax to include a file in the post-deployment script.			
 Example:      :r .\myfile.sql								
 Use SQLCMD syntax to reference a variable in the post-deployment script.		
 Example:      :setvar TableName MyTable							
               SELECT * FROM [$(TableName)]					
--------------------------------------------------------------------------------------
*/
DECLARE @RefillDb INT = 1--[$(InsertInitialData)]
IF @RefillDb='1'
BEGIN

DELETE FROM BooksAuthors
DELETE FROM Authors
DELETE FROM Books
SET IDENTITY_INSERT dbo.Authors ON;
INSERT INTO Authors (AuthorId,FirstName,LastName,YearBorn,YearDied,Country,Quote,Rating,ExtraInfo) 
VALUES
 (1  ,'Patricia','Aakhus'						   ,1918,1998,'USA','Quote example',5,'')
,(2  ,'Edward','S.Aarons'						   ,1918,NULL,'USA','Quote example',2,'')
,(3  ,'Dafydd','abHugh'						   ,1918,1986,'USA','Quote example',5,''	)
,(4  ,'JacobRalph','Abarbanell'				   ,1918,2010,'USA','Quote example',5,''	)
,(5  ,'Edward','Abbey'							   ,1936,1998,'England','Quote example',5,'')
,(6  ,'Lynn','Abbey'							   ,1918,2010,'France','Quote example',1,'')
,(7  ,'Laura','Abbot'							   ,1918,2010,'Spain','Quote example',5,'')
,(8  ,'Eleanor','HallowellAbbott'				   ,1918,2010,'England','Quote example',5,'')
,(9  ,'Jeff','Abbott'							   ,1936,1998,'USA','Quote example',4,'')
,(10 ,'Raymond','Abbott'						   ,1918,NULL,'USA','Quote example',5,'')
,(11 ,'Tony','Abbott(author)'					   ,1918,2010,'USA','Quote example',3,'')
,(12 ,'Shana','Abé'							   ,1918,2010,'USA','Quote example',5,''	)
,(13 ,'Robert','H.Abel'						   ,1918,2010,'USA','Quote example',5,''	)
,(14 ,'Joan','Abelove'							   ,1918,1998,'USA','Quote example',5,'')
,(15 ,'Robert','Abernathy'						   ,1918,2010,'Spain','Quote example',5,'')
,(16 ,'Walter','Abish'							   ,1936,NULL,'France','Quote example',4,'')
,(17 ,'Keith','Ablow'							   ,1918,1986,'England','Quote example',5,'')
,(18 ,'Peter','Abrahams(Americanauthor)'		   ,1918,2010,'USA','Quote example',5,'')
,(19 ,'Raymond','Abrashkin'					   ,1918,2010,'USA','Quote example',5,''	)
,(20 ,'Diana','Abu-Jaber'						   ,1918,2010,'USA','Quote example',5,'')
,(21 ,'Evelyne','Accad'						   ,1918,2010,'USA','Quote example',5,''	)
,(22 ,'Kathy','Acker'							   ,1918,2010,'USA','Quote example',5,'')
,(23 ,'Forrest','JAckerman'					   ,1918,2010,'USA','Quote example',5,''	)
,(24 ,'OscarZeta','Acosta'						   ,1918,2010,'USA','Quote example',5,'')
,(25 ,'Cherry','Adair'							   ,1918,1998,'USA','Quote example',1,'')
,(26 ,'Louis','Adamic'							   ,1918,2010,'USA','Quote example',5,'')
,(27 ,'KathrynAdams','Doty'					   ,1918,2010,'USA','Quote example',5,''	)
,(28 ,'AliceAdams','(writer)'					   ,1918,NULL,'England','Quote example',5,'')
,(29 ,'Andy','Adams(pseudonym)'				   ,1918,2010,'USA','Quote example',5,''	)
,(30 ,'Andy','Adams(writer)'					   ,1918,2010,'France','Quote example',5,'')
,(31 ,'Harriet','Adams'						   ,1918,2010,'USA','Quote example',5,''	)
,(32 ,'Julia','DavisAdams'						   ,1918,2010,'USA','Quote example',1,'')
,(33 ,'Robert','Adams(sciencefictionwriter)'	   ,1936,2010,'England','Quote example',5,'')
,(34 ,'Samuel','HopkinsAdams'					   ,1918,1998,'USA','Quote example',5,'')
,(35 ,'George','Adamski'						   ,1918,2010,'USA','Quote example',5,'')
,(36 ,'Thomas','Adcock'						   ,1918,2010,'USA','Quote example',5,''	)
,(37 ,'George','Ade'							   ,1918,2010,'Spain','Quote example',5,'')
,(38 ,'Patrick','H.Adkins'						   ,1918,2010,'USA','Quote example',5,'')
,(39 ,'Robert','H.Adleman'						   ,1918,1998,'USA','Quote example',5,'')
,(40 ,'Allen','Adler'							   ,1936,2010,'France','Quote example',5,'')
,(41 ,'Renata','Adler'							   ,1918,NULL,'USA','Quote example',5,'')
,(42 ,'Warren','Adler'							   ,1918,2010,'USA','Quote example',5,'')
,(43 ,'James','Agee'							   ,1936,1986,'USA','Quote example',5,'')
,(44 ,'Jonis','Agee'							   ,1918,2010,'Spain','Quote example',5,'')
,(45 ,'Marjorie','Agosín'						   ,1918,2010,'USA','Quote example',5,'')
,(46 ,'Gerty','Agoston'						   ,1918,2010,'USA','Quote example',5,''	)
,(47 ,'Jerry','Ahern'							   ,1918,2010,'USA','Quote example',3,'')
,(48 ,'Conrad','Aiken'							   ,1918,2010,'USA','Quote example',5,'')
,(49 ,'Jim','Aikin'							   ,1918,2010,'USA','Quote example',5,''	)
,(50 ,'Will','Aitken'							   ,1918,2010,'USA','Quote example',5,'')
,(51 ,'Ellen','Akins'							   ,1936,NULL,'France','Quote example',5,'')
,(52 ,'Hiag','Akmakjian'						   ,1918,2010,'USA','Quote example',5,'')
,(53 ,'Rabih','Alameddine'						   ,1918,1998,'England','Quote example',5,'')
,(54 ,'Laura','Albert'							   ,1918,2010,'USA','Quote example',4,'')
,(55 ,'Marvin','Albert'						   ,1918,2010,'USA','Quote example',5,''	)
,(56 ,'Susan','WittigAlbert'					   ,1918,2010,'USA','Quote example',5,'')
,(57 ,'Mitch','Albom'							   ,1918,2010,'France','Quote example',5,'')
,(58 ,'Martha','Albrand'						   ,1918,1998,'USA','Quote example',5,'')
,(59 ,'Kathleen','Alcalá'						   ,1918,2010,'England','Quote example',5,'')
,(60 ,'Isabella','MacdonaldAlden'				   ,1918,NULL,'USA','Quote example',3,'')
,(61 ,'CliffordLindsey','Alderman'				   ,1918,2010,'USA','Quote example',5,'')
,(62 ,'BessStreeter','Aldrich'					   ,1918,2010,'France','Quote example',5,'')
,(63 ,'Rochelle','Alers'						   ,1918,1986,'USA','Quote example',5,'')
,(64 ,'Alma','Alexander'						   ,1918,2010,'Spain','Quote example',5,'')
,(65 ,'David','M.Alexander'					   ,1918,2010,'USA','Quote example',5,''	)
,(66 ,'Karl','Alexander(writer)'				   ,1918,2010,'USA','Quote example',2,'')
,(67 ,'Lloyd','Alexander'						   ,1936,NULL,'USA','Quote example',5,'')
,(68 ,'Meena','Alexander'						   ,1918,2010,'France','Quote example',5,'')
,(69 ,'Victoria','Alexander'					   ,1918,2010,'USA','Quote example',5,'')
,(70 ,'Sherman','Alexie'						   ,1936,2010,'England','Quote example',5,'')
,(71 ,'Felipe','Alfau'							   ,1918,2010,'USA','Quote example',5,'')
,(72 ,'Richard','Alfieri'						   ,1918,2010,'USA','Quote example',5,'')
,(73 ,'JoAnn','Algermissen'					   ,1918,2010,'USA','Quote example',4,''	)
,(74 ,'Nelson','Algren'						   ,1918,2010,'USA','Quote example',5,''	)
,(75 ,'Marjorie','HillAllee'					   ,1918,2010,'USA','Quote example',5,'')
,(76 ,'Ed','Allen(writer)'						   ,1918,2010,'USA','Quote example',5,'')
,(77 ,'Henry','WilsonAllen'					   ,1918,2010,'USA','Quote example',5,''	)
,(78 ,'Hervey','Allen'							   ,1918,2010,'France','Quote example',5,'')
,(79 ,'Jay','PressonAllen'						   ,1918,2010,'USA','Quote example',5,'')
,(80 ,'Paula','GunnAllen'						   ,1918,1986,'England','Quote example',5,'')
,(81 ,'Roger','MacBrideAllen'					   ,1936,2010,'USA','Quote example',5,'')
,(82 ,'Henry','Alley'							   ,1918,2010,'France','Quote example',5,'')
,(83 ,'Dorothy','Allison'						   ,1936,1998,'Spain','Quote example',5,'')
,(84 ,'Alexandra','Allred'						   ,1918,2010,'England','Quote example',5,'')
,(85 ,'Aaron','Allston'						   ,1918,2010,'USA','Quote example',4,''	)
,(86 ,'Elaine','M.Alphin'						   ,1918,2010,'USA','Quote example',5,'')
,(87 ,'Steve','Alten'							   ,1918,2010,'USA','Quote example',5,'')
,(88 ,'Lisa','Alther'							   ,1918,2010,'USA','Quote example',5,'')
,(89 ,'Steven-Elliot','Altman'					   ,1918,NULL,'France','Quote example',5,'')
,(90 ,'Joseph','AlexanderAltsheler	'			   ,1918,2010,'USA','Quote example',5,'')
,(91 ,'Julia','Alvarez'						   ,1918,2010,'USA','Quote example',5,''	)
,(92 ,'Charles','Alverson'						   ,1918,2010,'USA','Quote example',5,'')
,(93 ,'Joe','Amato(poet)'						   ,1918,2010,'England','Quote example',5,'')
,(94 ,'Mark','Amerika'							   ,1918,2010,'USA','Quote example',5,'')
,(95 ,'Delano','Ames'							   ,1918,2010,'USA','Quote example',5,'')
,(96 ,'Jonathan','Ames'						   ,1918,2010,'USA','Quote example',5,''	)
,(97 ,'Joseph','BushnellAmes'					   ,1918,1998,'USA','Quote example',5,'')
,(98 ,'Mildred','Ames'							   ,1918,2010,'USA','Quote example',5,'')
,(99 ,'Joseph','Amiel'							   ,1918,2010,'USA','Quote example',4,'')
,(100,'Richard','Amory'						   ,1918,2010,'USA','Quote example',5,''	)
,(101,'Benjamin','Anastas'						   ,1918,2010,'USA','Quote example',5,'')
,(102,'Rudolfo','Anaya'						   ,1918,2010,'USA','Quote example',5,''	)
,(103,'Kurt','Andersen'						   ,1918,2010,'USA','Quote example',5,''	)
,(104,'Susan','Andersen'						   ,1918,2010,'USA','Quote example',2,'')
,(105,'Betty','BaxterAnderson'					   ,1918,2010,'England','Quote example',5,'')
,(106,'Chester','Anderson'						   ,1936,2010,'USA','Quote example',5,'')
,(107,'Karen','Anderson(writer)	'				   ,1936,NULL,'France','Quote example',5,'')
,(108,'Kevin','J.Anderson'						   ,1918,2010,'USA','Quote example',5,'')
,(109,'Laurie','HalseAnderson'					   ,1918,1986,'USA','Quote example',1,'')
,(110,'Nephi','Anderson'						   ,1918,2010,'England','Quote example',5,'')
,(111,'Paul','LewisAnderson			'			   ,1918,2010,'USA','Quote example',5,'')
,(112,'Poul','Anderson'						   ,1918,2010,'USA','Quote example',5,''	)
,(113,'Scott','Anderson(novelist)'				   ,1918,2010,'USA','Quote example',5,'')
,(114,'Sherwood','Anderson'					   ,1918,2010,'USA','Quote example',5,''	)
,(115,'William','CharlesAnderson'				   ,1918,2010,'England','Quote example',5,'')
,(116,'Grace','Andreacchi'						   ,1918,2010,'USA','Quote example',5,'')
,(117,'Donna','Andrews(author)'				   ,1918,2010,'USA','Quote example',5,''	)
,(118,'MaryKay','Andrews'						   ,1918,2010,'USA','Quote example',5,'')
,(119,'MaryRaymond','ShipmanAndrews'			   ,1918,1986,'France','Quote example',5,'')
,(120,'Raymond','Andrews'						   ,1936,2010,'USA','Quote example',5,'')
,(121,'Robert','HardyAndrews'					   ,1918,2010,'Spain','Quote example',5,'')
,(122,'Sarah','Andrews(author)'				   ,1918,2010,'USA','Quote example',5,''	)
,(123,'V.C.','Andrews'							   ,1918,2010,'USA','Quote example',5,'')
,(124,'Jeff','Andrus'							   ,1918,2010,'England','Quote example',5,'')
,(125,'Jaime','deAngulo'						   ,1918,NULL,'USA','Quote example',4,'')
,(126,'Tina','McElroyAnsa'						   ,1918,2010,'England','Quote example',5,'')
,(127,'A.Manette','Ansay'						   ,1918,1998,'USA','Quote example',5,'')
,(128,'Carol','Anshaw'							   ,1918,2010,'Spain','Quote example',5,'')
,(129,'Jay','Anson'							   ,1918,2010,'USA','Quote example',5,''	)
,(130,'Mark','Anthony(writer)'					   ,1918,2010,'USA','Quote example',1,'')
,(131,'Patricia','Anthony'						   ,1918,2010,'France','Quote example',5,'')
,(132,'Piers','Anthony'						   ,1918,2010,'USA','Quote example',4,''	)
,(133,'Brian','Antoni'							   ,1918,2010,'USA','Quote example',5,'')
,(134,'Laura','Antoniou'						   ,1936,1986,'France','Quote example',5,'')
SET IDENTITY_INSERT dbo.Authors OFF;

SET IDENTITY_INSERT dbo.Books ON;
INSERT INTO dbo.Books (BookId,Name,DatePublished,PagesCount,Rating)
VALUES
(1 ,'Adventures of Huckleberry Finn','1930-01-01',358,5)
,(2 ,'The Adventures of Tom Sawyer','1930-01-01',358,8)
,(3 ,'African Adventure','1932-01-01',360,7)
,(4 ,'Age of Fire','1932-01-01',360,5)
,(5 ,'Angels Fall','1934-01-02',362,2)
,(6 ,'At the Earths Core ,(novel,5)','1934-01-02',362,5)
,(7 ,'The Battle of the Labyrinth','1936-01-02',364,10)
,(8 ,'The Beasts of Tarzan','1936-01-02',364,5)
,(9 ,'Beyond the Ice Limit','1938-01-03',366,5)
,(10,'Boy at War','1938-01-03',366,4)
,(11,'Brian''s Return','1940-02-03',368,5)
,(12,'Burning Daylight','1940-02-03',368,5)
,(13,'The Call of the Wild','1942-02-04',370,1)
,(14,'The Canoe and the Saddle','1942-02-04',370,5)
,(15,'Captain Nemo: The Fantastic History of a Dark Genius','1944-02-04',217,5)
,(16,'Catching Fire','1944-02-04',217,5)
,(17,'The Creature of Black Water Lake','1946-02-05',219,5)
,(18,'The Cruise of the Dazzler','1946-02-05',219,5)
,(19,'Danger on Midnight River','1948-02-05',221,9)
,(20,'The Deadly Curse of Toco-rey','1948-02-05',221,5)
,(21,'Death in Silver','1950-03-06',223,5)
,(22,'Divergent trilogy','1950-03-06',223,5)
,(23,'The Door in the Dragon''s Throat','1952-03-06',225,5)
,(24,'Freaks: Alive on the Inside','1952-03-06',225,5)
,(25,'Full Tilt ,(Shusterman novel,5)','1954-03-07',227,5)
,(26,'Gentlemen of the Road','1954-03-07',227,5)
,(27,'Gorgeous East','1956-03-07',229,5)
,(28,'The Glass Books of the Dream Eaters','1956-03-07',229,5)
,(29,'The Golden Master','1958-03-08',231,5)
,(30,'The Holder''s Dominion','1958-03-08',231,5)
,(31,'The Hunger Games','1960-04-08',233,5)
,(32,'The Hunger Games ,(novel,5)','1960-04-08',233,5)
,(33,'The Ice Limit','1962-04-09',235,5)
,(34,'If You''re Reading This, Its Too Late ,(novel,5)','1962-04-09',235,5)
,(35,'In the Sargasso Sea','1964-04-09',237,5)
,(36,'Indiana Jones and the Dance of the Giants','1964-04-09',237,4)
,(37,'Indiana Jones and the Peril at Delphi','1966-04-10',239,5)
,(38,'Indiana Jones and the Philosophers Stone','1966-04-10',239,5)
,(39,'Indiana Jones and the Seven Veils','1968-04-10',241,5)
,(40,'Jaguar ,(novel,5)','1968-04-10',241,5)
,(41,'Jennie ,(novel,5)','1970-05-11',243,5)
,(42,'King Kong vs. Tarzan','1970-05-11',243,5)
,(43,'The Lad and the Lion','1972-05-11',245,5)
,(44,'Land of Terror','1972-05-11',400,5)
,(45,'Leepike Ridge','1974-05-12',402,5)
,(46,'The Legend of Red Horse Cavern','1974-05-12',402,5)
,(47,'The Loch','1976-05-12',404,5)
,(48,'Lost City','1976-05-12',404,5)
,(49,'The Lost Hero','1978-05-13',406,6)
,(50,'The Man of Bronze','1978-05-13',406,5)
,(51,'The Man-Eater','1980-06-13',408,5)
,(52,'Mantrap ,(novel,5)','1980-06-13',408,4)
,(53,'Manxmouse','1982-06-14',410,5)
,(54,'Mark Stone: MIA Hunter','1982-06-14',410,5)
,(55,'Men of Iron','1984-06-14',412,5)
,(56,'Mockingjay','1984-06-14',412,5)
,(57,'The Moosepath League','1986-06-15',414,5)
,(58,'My Side of the Mountain','1986-06-15',414,5)
,(59,'The Mysterious Benedict Society','1988-06-15',416,5)
,(60,'The Name of this Book is Secret','1988-06-15',416,5)
,(61,'Nerve ,(Ryan novel,5)','1990-07-16',418,5)
,(62,'On the Far Side of the Mountain','1990-07-16',418,4)
,(63,'Out of the Ashes ,(Ashes series,5)','1992-07-16',420,5)
,(64,'Outerbridge Reach','1992-07-16',420,5)
,(65,'Patriots ,(novel series,5)','1994-07-17',422,5)
,(66,'Peak ,(novel,5)','1994-07-17',422,5)
,(67,'Pellucidar ,(novel,5)','1996-07-17',424,5)
,(68,'The Poseidon Adventure ,(novel,5)','1930-07-17',424,5)
,(69,'Savage Pellucidar','1930-07-18',426,5)
,(70,'The Sea-Wolf','1932-07-18',426,5)
,(71,'The Secret of the Third Watch','1932-08-18',178,5)
,(72,'A Son of the Sun ,(novel,5)','1934-08-18',178,5)
,(73,'Subterranean ,(novel,5)','1934-08-19',180,5)
,(74,'Tarzan on the Precipice','1936-08-19',180,5)
,(75,'Tarzan Trilogy','1936-08-19',182,5)
,(76,'Tarzan: Return to Pal-ul-don','1938-08-19',182,5)
,(77,'Tarzan: The Greystoke Legacy Under Siege','1938-08-20',184,5)
,(78,'Ted Scott Flying Stories','1940-08-20',184,5)
,(79,'This Book Is Not Good for You','1940-08-20',186,5)
,(80,'This Isnt What It Looks Like','1942-08-20',186,5)
,(81,'Thomas Lourds','1942-09-21',188,5)
,(82,'Thunder Cave','1944-09-21',188,5)
,(83,'Tom Sawyer Abroad','1944-09-21',190,5)
,(84,'Transformers: Exiles','1946-09-21',190,5)
,(85,'Transformers: Exodus','1946-09-22',192,5)
,(86,'Transformers: Retribution','1948-09-22',192,5)
,(87,'Transformers: The Covenant of Primus','1948-09-22',194,5)
,(88,'Treasure ,(Cussler novel,5)','1950-09-22',194,5)
,(89,'The Treasure of El Patron','1950-09-23',196,5)
,(90,'Under the Black Ensign','1952-09-23',446,5)
,(91,'Valley of the Flame','1952-10-23',448,5)
,(92,'Vixen 03','1954-10-23',448,5)
,(93,'The War in 2020','1954-10-24',450,5)
,(94,'Water Music ,(novel,5)','1956-10-24',450,5)
,(95,'White Fang','1956-10-24',452,5)
,(96,'White Horse, Dark Dragon','1958-10-24',452,5)
,(97,'The Widows'' Adventures','1958-10-25',454,5)
SET IDENTITY_INSERT dbo.Books OFF;

INSERT INTO dbo.BooksAuthors  (BookId,AuthorId)
VALUES
( 1 ,1 )
,(2 ,2 )
,(3 ,3 )
,(4 ,4 )
,(5 ,5 )
,(6 ,6 )
,(5 ,54 )
,(7 ,7 )
,(8 ,8 )
,(9 ,9 )
,(10,10)
,(11,11)
,(12,12)
,(13,13)
,(14,14)
,(14,25)
,(14,15)
,(15,15)
,(16,16)
,(17,17)
,(18,18)
,(19,19)
,(20,20)
,(21,21)
,(22,22)
,(23,23)
,(24,24)
,(25,25)
,(26,26)
,(27,27)
,(28,28)
,(29,29)
,(30,30)
,(31,31)
,(32,32)
,(33,33)
,(34,34)
,(35,35)
,(36,36)
,(37,37)
,(38,38)
,(39,39)
,(40,40)
,(41,41)
,(42,42)
,(43,43)
,(44,44)
,(45,45)
,(46,46)
,(47,47)
,(48,48)
,(49,49)
,(50,50)
,(51,51)
,(52,52)
,(53,53)
,(54,54)
,(55,55)
,(56,56)
,(57,57)
,(57,88)
,(57,22)
,(57,44)
,(58,120)
,(59,59)
,(60,60)
,(61,61)
,(62,62)
,(63,63)
,(64,64)
,(65,65)
,(66,66)
,(67,67)
,(68,68)
,(69,69)
,(70,70)
,(71,71)
,(72,72)
,(73,73)
,(74,74)
,(75,75)
,(76,76)
,(77,77)
,(78,78)
,(79,79)
,(80,80)
,(81,81)
,(82,82)
,(83,83)
,(84,84)
,(85,85)
,(86,86)
,(87,87)
,(88,88)
,(89,89)
,(90,90)
,(90,11)
,(91,91)
,(92,92)
,(93,93)
,(94,94)
,(95,95)
,(96,96)
,(97,97)

END;                                                                                    